student_id,gender,age,studytime,failures,absences,parent_education,internet,freetime,goout,health,G1,G2,G3
1,M,18,2,0,6,high,yes,3,4,3,12,13,13
2,F,17,2,0,4,medium,yes,3,3,3,14,15,15
3,M,18,3,0,2,high,yes,2,2,5,16,17,17
4,F,17,1,1,10,low,no,4,4,4,9,10,10
5,M,18,1,2,15,medium,yes,5,5,3,7,8,8
6,F,16,3,0,3,high,yes,2,3,4,15,16,16
7,M,17,2,0,5,medium,yes,3,4,3,13,14,14
8,F,18,4,0,1,high,yes,2,2,5,17,18,18
9,M,17,1,1,12,low,no,4,5,2,8,9,9
10,F,16,2,0,7,medium,yes,3,3,4,12,13,13
11,M,18,3,0,4,high,yes,2,3,5,15,15,16
12,F,17,2,0,6,medium,yes,3,4,3,13,14,14
13,M,19,1,2,18,low,no,5,5,2,6,7,7
14,F,16,3,0,2,high,yes,2,2,4,16,17,17
15,M,17,2,1,9,medium,yes,4,3,3,10,11,11
16,F,18,4,0,0,high,yes,2,2,5,18,18,19
17,M,18,2,0,5,medium,yes,3,4,4,13,13,14
18,F,17,1,1,11,low,no,4,5,3,9,9,9
19,M,16,3,0,3,high,yes,2,3,4,15,16,16
20,F,18,2,0,8,medium,yes,3,4,3,12,12,13
21,M,17,1,2,20,low,no,5,5,2,5,6,6
22,F,16,3,0,2,high,yes,2,2,5,17,17,18
23,M,18,2,0,6,medium,yes,3,3,4,14,14,15
24,F,17,4,0,1,high,yes,2,3,5,18,18,19
25,M,19,1,3,22,low,no,5,5,1,4,5,5
26,F,18,2,0,5,medium,yes,3,4,4,13,14,14
27,M,17,3,0,4,high,yes,2,3,5,15,16,16
28,F,16,1,1,13,low,no,4,4,3,8,10,9
29,M,18,2,1,10,medium,yes,4,4,3,10,12,11
30,F,17,3,0,3,high,yes,2,2,4,16,16,17
31,M,18,2,0,7,medium,yes,3,4,3,13,13,13
32,F,16,4,0,1,high,yes,2,2,5,18,19,19
33,M,17,1,2,16,low,no,5,4,2,7,8,7
34,F,18,2,0,6,medium,yes,3,3,4,12,14,13
35,M,19,1,1,14,low,no,4,5,3,9,10,10
36,F,17,3,0,2,high,yes,2,3,5,15,17,16
37,M,18,2,0,5,medium,yes,3,4,4,14,15,15
38,F,16,1,1,12,low,no,4,4,3,8,9,9
39,M,17,3,0,3,high,yes,2,2,5,16,16,17
40,F,18,2,0,7,medium,yes,3,3,4,13,14,14
41,M,18,1,2,17,low,no,5,5,2,6,8,7
42,F,17,4,0,0,high,yes,2,2,5,18,19,19
43,M,16,2,0,4,medium,yes,3,3,4,14,13,14
44,F,18,3,0,3,high,yes,2,3,5,16,17,17
45,M,17,1,1,9,low,no,4,5,3,10,10,10
46,F,16,2,0,5,medium,yes,3,4,4,13,13,14
47,M,18,3,0,2,high,yes,2,2,5,17,17,18
48,F,17,1,2,15,low,no,5,4,2,7,8,8
49,M,19,2,1,11,medium,yes,4,4,3,10,11,11
50,F,18,4,0,1,high,yes,2,2,5,19,18,19